0;	0;	1;	0
1;	1;	0,88;	0
2;	2;	1,14;	0
3;	3;	1,16;	0
4;	4;	1,19;	0
5;	5;	1,09;	0
6;	6;	0,92;	0
7;	7;	0,8;	0
8;	8;	1,09;	0
9;	9;	1,02;	0
10;	10;	1,04;	0
11;	11;	1,02;	0
12;	12;	1,02;	0
13;	13;	1,02;	0
14;	14;	0,8;	0
15;	15;	0,93;	0
16;	16;	0,98;	0
17;	17;	1,19;	0
18;	18;	1,14;	0
19;	19;	1,15;	0
20;	20;	0,83;	0
21;	21;	0,93;	0
22;	22;	0,95;	0
23;	23;	0,96;	0
24;	0;	1,06;	1
25;	1;	0,88;	1
26;	2;	0,88;	1
27;	3;	0,84;	1
28;	4;	0,93;	1
29;	5;	1,19;	1
30;	6;	0,82;	1
31;	7;	0,87;	1
32;	8;	0,93;	1
33;	9;	1,01;	1
34;	10;	0,95;	1
35;	11;	1,06;	1
36;	12;	0,81;	1
37;	13;	1,14;	1
38;	14;	0,97;	1
39;	15;	0,93;	1
40;	16;	1,09;	1
41;	17;	0,99;	1
42;	18;	0,94;	1
43;	19;	1,07;	1
44;	20;	1,19;	1
45;	21;	0,84;	1
46;	22;	1,17;	1
47;	23;	1,17;	1
48;	24;	0,88;	1
49;	25;	0,9;	1
50;	26;	0,92;	1
51;	27;	1,18;	1
52;	28;	0,83;	1
53;	29;	1,08;	1
54;	30;	1,19;	1
55;	31;	0,87;	1
56;	32;	1,13;	1
57;	33;	0,98;	1
58;	34;	0,9;	1
59;	35;	1,1;	1
60;	36;	1;	1
61;	37;	0,88;	1
62;	38;	1,07;	1
63;	39;	1,09;	1
64;	40;	1;	1
65;	41;	0,97;	1
66;	42;	0,88;	1
67;	43;	0,8;	1
68;	44;	0,87;	1
69;	45;	0,93;	1
70;	46;	0,91;	1
71;	47;	1,03;	1
72;	48;	1,02;	1
73;	49;	1;	1
74;	50;	0,85;	1
75;	51;	1,03;	1
76;	52;	1,18;	1
77;	53;	1,07;	1
78;	54;	0,96;	1
79;	55;	1,01;	1
80;	56;	0,91;	1
81;	57;	0,91;	1
82;	58;	1,15;	1
83;	59;	0,82;	1
84;	60;	1,07;	1
85;	61;	0,84;	1
86;	62;	0,83;	1
87;	63;	1,05;	1
88;	64;	1,02;	1
89;	65;	0,87;	1
90;	66;	1,13;	1
91;	67;	1,03;	1
92;	68;	1,04;	1
93;	69;	1,06;	1
94;	70;	1,12;	1
95;	71;	1,01;	1
96;	72;	1,12;	1
97;	73;	1,04;	1
98;	74;	0,87;	1
99;	75;	1,02;	1
100;	76;	1,16;	1
101;	77;	1,16;	1
102;	78;	1,1;	1
103;	79;	1,15;	1
104;	80;	1,18;	1
105;	81;	1,08;	1
106;	82;	0,95;	1
107;	83;	1,03;	1
108;	84;	1,02;	1
109;	85;	0,96;	1
110;	86;	0,88;	1
111;	87;	0,85;	1
112;	88;	0,82;	1
113;	89;	1,08;	1
114;	90;	0,99;	1
115;	91;	0,89;	1
116;	92;	0,92;	1
117;	93;	1,05;	1
118;	94;	0,81;	1
119;	95;	0,95;	1
120;	96;	0,93;	1
121;	97;	1,03;	1
122;	98;	0,98;	1
123;	99;	1,19;	1
124;	100;	1;	1
125;	101;	1,08;	1
126;	102;	1,19;	1
127;	103;	1,15;	1
128;	104;	1,07;	1
129;	105;	1,04;	1
130;	106;	1,1;	1
131;	107;	0,93;	1
132;	108;	0,99;	1
133;	109;	1,13;	1
134;	110;	1,05;	1
135;	111;	0,94;	1
136;	112;	1;	1
137;	113;	0,8;	1
138;	114;	0,83;	1
139;	115;	1,19;	1
140;	116;	1,09;	1
141;	117;	1;	1
142;	118;	0,82;	1
143;	119;	0,86;	1
144;	120;	1,19;	1
145;	121;	1,07;	1
146;	122;	1;	1
147;	123;	1,16;	1
148;	124;	0,86;	1
149;	125;	1,02;	1
150;	126;	0,88;	1
151;	127;	0,87;	1
152;	128;	1,03;	1
153;	129;	1,12;	1
154;	130;	0,89;	1
155;	131;	0,92;	1
156;	132;	0,98;	1
157;	133;	1,11;	1
158;	134;	0,94;	1
159;	135;	0,9;	1
160;	136;	1,09;	1
161;	0;	0,99;	2
162;	1;	1,15;	2
163;	2;	1,17;	2
164;	3;	1,05;	2
165;	4;	1,14;	2
166;	5;	1,05;	2
167;	6;	0,88;	2
168;	7;	0,82;	2
169;	8;	0,85;	2
170;	9;	1,09;	2
171;	10;	0,92;	2
172;	11;	1,02;	2
173;	12;	0,82;	2
174;	0;	1,06;	3
175;	1;	1,12;	3
176;	2;	1,01;	3
177;	3;	0,91;	3
178;	4;	0,8;	3
179;	5;	1,13;	3
180;	6;	0,87;	3
181;	7;	0,82;	3
182;	8;	1,08;	3
183;	9;	0,85;	3
184;	10;	0,96;	3
185;	11;	1,03;	3
186;	12;	1,1;	3
187;	0;	1,07;	4
188;	1;	1,04;	4
189;	2;	0,93;	4
190;	3;	1,15;	4
191;	4;	1,09;	4
192;	5;	1,05;	4
193;	6;	1,13;	4
194;	7;	0,9;	4
195;	8;	0,89;	4
196;	9;	1,05;	4
197;	10;	0,84;	4
198;	11;	1,01;	4
199;	12;	0,84;	4
200;	13;	0,81;	4
201;	14;	0,92;	4
202;	15;	1,14;	4
203;	16;	0,81;	4
204;	17;	1,13;	4
205;	18;	1,16;	4
206;	19;	1,04;	4
207;	20;	1,01;	4
208;	21;	0,86;	4
209;	22;	0,96;	4
210;	23;	1,11;	4
211;	24;	0,86;	4
212;	25;	1,11;	4
213;	26;	1,01;	4
214;	27;	0,82;	4
215;	28;	1,06;	4
216;	29;	1,1;	4
217;	30;	1,1;	4
218;	31;	1,01;	4
219;	32;	0,81;	4
220;	33;	0,83;	4
221;	34;	1,18;	4
222;	35;	1,04;	4
223;	36;	1,09;	4
224;	37;	0,9;	4
225;	38;	0,8;	4
226;	39;	1,06;	4
227;	40;	1,09;	4
228;	41;	1,11;	4
229;	42;	0,96;	4
230;	43;	0,87;	4
231;	44;	0,96;	4
232;	45;	1,1;	4
233;	46;	1,15;	4
234;	47;	1,11;	4
235;	48;	1,15;	4
236;	49;	0,87;	4
237;	50;	1,07;	4
238;	51;	0,91;	4
239;	52;	1;	4
240;	53;	1,18;	4
241;	54;	0,89;	4
242;	55;	1,01;	4
243;	56;	0,87;	4
244;	57;	1,01;	4
245;	58;	1,08;	4
246;	59;	1,18;	4
247;	60;	0,84;	4
248;	61;	1,1;	4
249;	62;	1,03;	4
250;	63;	0,98;	4
251;	64;	1,15;	4
252;	65;	1,02;	4
253;	66;	0,99;	4
254;	67;	0,8;	4
255;	68;	0,83;	4
256;	69;	1,07;	4
257;	70;	0,85;	4
258;	71;	1,1;	4
259;	72;	1,13;	4
260;	73;	0,89;	4
261;	74;	1,15;	4
262;	75;	1,09;	4
263;	76;	1,09;	4
264;	77;	0,89;	4
265;	78;	0,95;	4
266;	79;	0,96;	4
267;	80;	1,15;	4
268;	81;	1,1;	4
269;	82;	0,86;	4
270;	83;	0,98;	4
271;	84;	0,82;	4
272;	85;	0,98;	4
273;	86;	0,81;	4
274;	87;	0,82;	4
275;	88;	1,14;	4
276;	89;	0,97;	4
277;	90;	0,97;	4
278;	91;	0,87;	4
279;	92;	1,02;	4
280;	93;	0,81;	4
281;	94;	1,01;	4
282;	95;	1,18;	4
283;	96;	0,87;	4
284;	97;	1,17;	4
285;	98;	0,92;	4
286;	99;	1,13;	4
287;	100;	0,91;	4
288;	101;	1,14;	4
289;	102;	1,07;	4
290;	103;	0,88;	4
291;	104;	0,82;	4
292;	105;	1,17;	4
293;	106;	0,98;	4
294;	107;	0,9;	4
295;	0;	0,82;	5
296;	1;	1;	5
297;	2;	1,11;	5
298;	3;	1,17;	5
299;	4;	0,86;	5
300;	5;	0,92;	5
301;	6;	0,82;	5
302;	7;	0,94;	5
303;	8;	1,04;	5
304;	9;	0,84;	5
305;	10;	0,95;	5
306;	11;	0,96;	5
307;	12;	1,01;	5
308;	0;	0,96;	6
309;	1;	0,86;	6
310;	2;	1,06;	6
311;	3;	0,89;	6
312;	4;	1,17;	6
313;	5;	0,88;	6
314;	6;	1,11;	6
315;	7;	1,08;	6
316;	8;	1,17;	6
317;	9;	1,01;	6
318;	10;	1,11;	6
319;	0;	1,17;	7
320;	1;	1,01;	7
321;	2;	0,84;	7
322;	3;	0,81;	7
323;	4;	0,82;	7
324;	5;	1,17;	7
325;	6;	0,96;	7
326;	7;	0,85;	7
327;	8;	0,8;	7
328;	9;	1,11;	7
329;	10;	0,8;	7
330;	11;	0,94;	7
331;	12;	1,05;	7
332;	13;	0,99;	7
333;	14;	0,81;	7
334;	15;	0,9;	7
335;	16;	1,19;	7
336;	17;	0,87;	7
337;	18;	0,93;	7
338;	19;	0,83;	7
339;	20;	1,02;	7
340;	21;	1,15;	7
341;	22;	0,91;	7
342;	23;	1,14;	7
343;	0;	1,08;	8
344;	1;	0,81;	8
345;	2;	1,18;	8
346;	3;	0,84;	8
347;	4;	1,08;	8
348;	5;	1,06;	8
349;	6;	1,02;	8
350;	7;	0,85;	8
351;	8;	1,18;	8
352;	9;	1,19;	8
353;	10;	0,8;	8
354;	11;	1,04;	8
355;	12;	0,87;	8
356;	13;	0,81;	8
357;	0;	0,92;	9
358;	1;	1,07;	9
359;	2;	1,08;	9
360;	3;	0,9;	9
361;	4;	0,96;	9
362;	5;	1,1;	9
363;	6;	0,96;	9
364;	7;	1,12;	9
365;	8;	0,8;	9
366;	9;	1,1;	9
367;	10;	1,16;	9
368;	11;	1,18;	9
369;	12;	1,11;	9
370;	0;	1,01;	10
371;	1;	1,04;	10
372;	2;	0,98;	10
373;	3;	0,89;	10
374;	4;	0,82;	10
375;	5;	0,89;	10
376;	6;	0,9;	10
377;	7;	0,92;	10
378;	8;	0,8;	10
379;	9;	1,18;	10
380;	10;	0,91;	10
381;	11;	0,96;	10
382;	0;	0,93;	11
383;	1;	0,88;	11
384;	2;	1,15;	11
385;	3;	0,95;	11
386;	4;	1,05;	11
387;	5;	0,98;	11
388;	6;	0,96;	11
389;	7;	0,82;	11
390;	8;	1,18;	11
391;	9;	1,14;	11
392;	10;	1,06;	11
393;	11;	0,94;	11
394;	12;	0,91;	11
395;	13;	0,98;	11
396;	14;	1,01;	11
397;	15;	0,98;	11
398;	16;	1,16;	11
399;	17;	0,81;	11
400;	18;	0,88;	11
401;	19;	0,87;	11
402;	20;	1,1;	11
403;	21;	1,14;	11
404;	22;	0,8;	11
405;	23;	1;	11
406;	24;	1;	11
407;	25;	1,1;	11
408;	26;	1,18;	11
409;	27;	0,95;	11
410;	28;	1,16;	11
411;	29;	1,08;	11
412;	30;	0,91;	11
413;	31;	1,08;	11
414;	32;	0,97;	11
415;	33;	1,13;	11
416;	34;	0,82;	11
417;	35;	1,01;	11
418;	36;	1,01;	11
419;	37;	0,96;	11
420;	38;	0,94;	11
421;	39;	0,91;	11
422;	40;	1;	11
423;	41;	1,15;	11
424;	42;	1,13;	11
425;	43;	1,06;	11
426;	44;	1,17;	11
427;	45;	0,84;	11
428;	46;	1,17;	11
429;	47;	1,03;	11
430;	48;	1,08;	11
431;	49;	1,12;	11
432;	50;	0,96;	11
433;	51;	1,19;	11
434;	52;	1,1;	11
435;	53;	0,83;	11
436;	54;	1,06;	11
437;	55;	0,98;	11
438;	56;	0,87;	11
439;	57;	0,94;	11
440;	58;	1,15;	11
441;	59;	1,15;	11
442;	60;	1;	11
443;	61;	0,81;	11
444;	62;	0,85;	11
445;	63;	0,89;	11
446;	64;	1,03;	11
447;	65;	1,17;	11
448;	66;	1,17;	11
449;	67;	0,98;	11
450;	68;	0,95;	11
451;	69;	1,19;	11
452;	70;	1,16;	11
453;	71;	0,99;	11
454;	72;	1,07;	11
455;	73;	1,16;	11
456;	74;	1,07;	11
457;	75;	1,14;	11
458;	76;	0,81;	11
459;	77;	0,94;	11
460;	78;	1,02;	11
461;	79;	0,96;	11
462;	80;	1,12;	11
463;	81;	0,94;	11
464;	82;	1,06;	11
465;	83;	0,84;	11
466;	84;	0,92;	11
467;	85;	0,92;	11
468;	86;	1,18;	11
469;	87;	0,93;	11
470;	88;	0,86;	11
471;	89;	1,04;	11
472;	90;	0,93;	11
473;	91;	0,87;	11
474;	92;	1,01;	11
475;	93;	0,98;	11
476;	94;	1,11;	11
477;	95;	0,99;	11
478;	96;	1,09;	11
479;	97;	1,03;	11
480;	98;	0,82;	11
481;	99;	0,8;	11
482;	100;	0,86;	11
483;	101;	0,99;	11
484;	102;	0,87;	11
485;	103;	1,08;	11
486;	104;	1,15;	11
487;	105;	1,16;	11
488;	106;	0,91;	11
489;	107;	1,13;	11
490;	108;	0,95;	11
491;	109;	1,11;	11
492;	110;	0,97;	11
493;	111;	1,13;	11
494;	112;	1,11;	11
495;	113;	0,99;	11
496;	114;	0,83;	11
497;	115;	0,85;	11
498;	116;	0,94;	11
499;	117;	0,8;	11
500;	118;	1,17;	11
501;	119;	0,9;	11
502;	120;	1,19;	11
503;	121;	1,03;	11
504;	122;	0,91;	11
505;	123;	1,11;	11
506;	124;	1,05;	11
507;	125;	1,09;	11
508;	126;	1,18;	11
509;	127;	0,88;	11
510;	128;	0,85;	11
511;	129;	0,88;	11
512;	130;	0,84;	11
513;	131;	0,98;	11
514;	132;	0,91;	11
515;	133;	1,02;	11
516;	134;	0,89;	11
517;	0;	0,92;	12
518;	1;	0,87;	12
519;	2;	1,18;	12
520;	3;	0,89;	12
521;	4;	0,95;	12
522;	5;	0,8;	12
523;	6;	0,85;	12
524;	7;	1,17;	12
525;	8;	0,95;	12
526;	9;	0,86;	12
527;	10;	1;	12
528;	11;	0,95;	12
529;	12;	0,82;	12
530;	13;	0,95;	12
531;	14;	1,06;	12
532;	15;	0,85;	12
533;	16;	1,09;	12
534;	17;	1,05;	12
535;	18;	1,12;	12
536;	19;	0,81;	12
537;	20;	1,02;	12
538;	0;	0,88;	13
539;	1;	0,96;	13
540;	2;	0,82;	13
541;	3;	0,85;	13
542;	4;	1,18;	13
543;	5;	0,83;	13
544;	6;	1,08;	13
545;	7;	0,87;	13
546;	8;	1,07;	13
547;	9;	1,19;	13
548;	10;	1,01;	13
549;	0;	0,88;	14
550;	1;	0,89;	14
551;	2;	1,1;	14
552;	3;	1,18;	14
553;	4;	0,95;	14
554;	5;	1,11;	14
555;	6;	1,02;	14
556;	7;	0,9;	14
557;	8;	1,13;	14
558;	9;	1,06;	14
559;	10;	1,16;	14
560;	11;	1,04;	14
561;	12;	0,85;	14
562;	13;	0,93;	14
563;	14;	1,16;	14
564;	15;	1,13;	14
565;	16;	0,98;	14
566;	17;	0,83;	14
567;	18;	0,95;	14
568;	19;	1,12;	14
569;	20;	0,99;	14
570;	21;	1,01;	14
571;	22;	1,06;	14
572;	23;	0,84;	14
573;	24;	1,1;	14
574;	0;	1,15;	15
575;	1;	0,83;	15
576;	2;	0,97;	15
577;	3;	1,17;	15
578;	4;	0,96;	15
579;	5;	1,09;	15
580;	6;	1,07;	15
581;	7;	0,87;	15
582;	8;	1,18;	15
583;	9;	0,87;	15
584;	10;	1,12;	15
585;	11;	1,04;	15
586;	12;	1,08;	15
587;	13;	1,09;	15
588;	14;	1,17;	15
589;	15;	0,83;	15
590;	16;	1,01;	15
591;	17;	0,87;	15
592;	18;	1,16;	15
593;	19;	0,92;	15
594;	20;	1,11;	15
595;	21;	1,17;	15
596;	22;	1,11;	15
597;	23;	0,82;	15
598;	24;	0,9;	15
599;	25;	0,89;	15
600;	26;	0,84;	15
601;	27;	0,91;	15
602;	28;	0,87;	15
603;	29;	0,81;	15
604;	30;	1,07;	15
605;	31;	1,02;	15
606;	32;	1,06;	15
607;	33;	0,87;	15
608;	34;	0,99;	15
609;	35;	1,07;	15
610;	36;	0,84;	15
611;	37;	0,93;	15
612;	38;	0,96;	15
613;	39;	1,16;	15
614;	40;	0,88;	15
615;	41;	0,97;	15
616;	42;	0,86;	15
617;	43;	0,86;	15
618;	44;	0,83;	15
619;	45;	0,88;	15
620;	46;	1,1;	15
621;	47;	0,93;	15
622;	48;	0,97;	15
623;	49;	1,08;	15
624;	50;	1,17;	15
625;	51;	0,93;	15
626;	52;	1,1;	15
627;	53;	1,11;	15
628;	54;	1,18;	15
629;	55;	1,18;	15
630;	56;	0,92;	15
631;	57;	0,95;	15
632;	58;	1,06;	15
633;	59;	0,87;	15
634;	60;	1,05;	15
635;	61;	0,96;	15
636;	62;	0,8;	15
637;	63;	1,17;	15
638;	64;	0,99;	15
639;	65;	0,89;	15
640;	66;	1,18;	15
641;	67;	1;	15
642;	68;	0,89;	15
643;	69;	0,9;	15
644;	70;	1,18;	15
645;	71;	0,88;	15
646;	72;	1,1;	15
647;	73;	1,19;	15
648;	74;	0,84;	15
649;	75;	0,94;	15
650;	76;	1,1;	15
651;	77;	1,05;	15
652;	78;	1,18;	15
653;	79;	0,82;	15
654;	80;	0,98;	15
655;	81;	1,1;	15
656;	82;	1,13;	15
657;	83;	0,98;	15
658;	84;	0,84;	15
659;	85;	0,93;	15
660;	86;	1,12;	15
661;	87;	1,14;	15
662;	88;	0,88;	15
663;	89;	1,01;	15
664;	90;	0,95;	15
665;	91;	1,09;	15
666;	92;	1,06;	15
667;	93;	0,89;	15
668;	94;	0,9;	15
669;	95;	1,11;	15
670;	96;	0,97;	15
671;	97;	0,89;	15
672;	98;	1,07;	15
673;	99;	1,14;	15
674;	100;	0,89;	15
675;	101;	0,9;	15
676;	102;	0,84;	15
677;	103;	0,87;	15
678;	104;	1,1;	15
679;	105;	1,09;	15
680;	0;	1,03;	16
681;	1;	1,1;	16
682;	2;	1,07;	16
683;	3;	1,04;	16
684;	4;	0,88;	16
685;	5;	1,06;	16
686;	6;	0,96;	16
687;	7;	1,04;	16
688;	8;	1,09;	16
689;	9;	1,15;	16
690;	10;	1,02;	16
691;	11;	1,01;	16
692;	12;	1,13;	16
693;	13;	0,85;	16
694;	14;	0,97;	16
695;	0;	0,83;	17
696;	1;	0,91;	17
697;	2;	1,08;	17
698;	3;	1,15;	17
699;	4;	0,88;	17
700;	5;	1,02;	17
701;	6;	1,01;	17
702;	7;	1,09;	17
703;	8;	0,92;	17
704;	9;	1,17;	17
705;	10;	1,01;	17
706;	11;	1,18;	17
707;	12;	0,84;	17
708;	13;	1,12;	17
709;	14;	0,88;	17
710;	15;	1,05;	17
711;	16;	1,06;	17
712;	17;	1,08;	17
713;	18;	0,94;	17
714;	19;	1,1;	17
715;	20;	0,81;	17
716;	21;	0,87;	17
717;	22;	1,04;	17
718;	23;	0,93;	17
719;	24;	1,08;	17
720;	25;	0,92;	17
721;	26;	0,81;	17
722;	27;	1;	17
723;	28;	0,95;	17
724;	29;	0,89;	17
725;	30;	1,15;	17
726;	31;	0,96;	17
727;	32;	1,01;	17
728;	33;	0,96;	17
729;	34;	0,86;	17
730;	35;	1,18;	17
731;	36;	0,96;	17
732;	37;	0,91;	17
733;	38;	1,01;	17
734;	39;	0,87;	17
735;	40;	0,81;	17
736;	41;	0,81;	17
737;	42;	0,94;	17
738;	43;	1,07;	17
739;	44;	1,07;	17
740;	45;	1,08;	17
741;	46;	0,92;	17
742;	47;	1,12;	17
743;	48;	1;	17
744;	49;	0,89;	17
745;	50;	1,15;	17
746;	51;	1,13;	17
747;	52;	0,98;	17
748;	53;	0,94;	17
749;	54;	0,95;	17
750;	55;	1,15;	17
751;	56;	1,07;	17
752;	57;	0,94;	17
753;	58;	0,87;	17
754;	59;	1,15;	17
755;	60;	1;	17
756;	61;	0,81;	17
757;	62;	0,93;	17
758;	63;	0,83;	17
759;	64;	0,81;	17
760;	65;	0,84;	17
761;	66;	0,96;	17
762;	67;	1,07;	17
763;	68;	1,05;	17
764;	69;	0,89;	17
765;	70;	0,89;	17
766;	71;	0,95;	17
767;	72;	0,87;	17
768;	73;	0,87;	17
769;	74;	1,09;	17
770;	75;	1,19;	17
771;	76;	1,13;	17
772;	77;	1,16;	17
773;	78;	1,06;	17
774;	79;	1,19;	17
775;	80;	0,8;	17
776;	81;	0,89;	17
777;	82;	1,19;	17
778;	83;	0,85;	17
779;	84;	0,93;	17
780;	85;	0,81;	17
781;	86;	1,18;	17
782;	87;	0,86;	17
783;	88;	0,8;	17
784;	89;	0,9;	17
785;	90;	0,91;	17
786;	91;	0,81;	17
787;	92;	0,84;	17
788;	93;	1,05;	17
789;	94;	1,06;	17
790;	95;	0,8;	17
791;	96;	1,07;	17
792;	97;	0,91;	17
793;	98;	1,05;	17
794;	99;	1,02;	17
795;	100;	0,91;	17
796;	101;	1,05;	17
797;	102;	0,86;	17
798;	103;	0,9;	17
799;	104;	0,8;	17
800;	105;	1;	17
801;	106;	1,06;	17
802;	107;	0,9;	17
803;	108;	1,05;	17
804;	109;	0,96;	17
805;	110;	0,82;	17
806;	111;	1,1;	17
807;	112;	1,08;	17
808;	113;	0,87;	17
809;	114;	1,15;	17
810;	115;	0,9;	17
811;	116;	0,81;	17
812;	117;	0,88;	17
813;	118;	1,09;	17
814;	119;	1,19;	17
815;	120;	0,86;	17
816;	0;	0,9;	18
817;	1;	1,06;	18
818;	2;	0,95;	18
819;	3;	1,18;	18
820;	4;	0,87;	18
821;	5;	0,9;	18
822;	6;	1,01;	18
823;	7;	1;	18
824;	8;	1,08;	18
825;	9;	0,92;	18
826;	10;	1,02;	18
827;	11;	0,91;	18
828;	12;	0,83;	18
829;	13;	1,07;	18
830;	14;	0,95;	18
831;	15;	0,83;	18
832;	16;	1,08;	18
833;	17;	0,84;	18
834;	18;	1,13;	18
835;	19;	0,95;	18
836;	20;	1,07;	18
837;	21;	1;	18
838;	0;	1,04;	19
839;	1;	0,88;	19
840;	2;	1;	19
841;	3;	0,93;	19
842;	4;	1,17;	19
843;	5;	1,09;	19
844;	6;	0,96;	19
845;	7;	1,18;	19
846;	8;	0,98;	19
847;	9;	1,01;	19
848;	10;	1,05;	19
849;	0;	0,96;	20
850;	1;	0,81;	20
851;	2;	1,18;	20
852;	3;	1,1;	20
853;	4;	0,91;	20
854;	5;	1,13;	20
855;	6;	0,89;	20
856;	7;	0,84;	20
857;	8;	1,09;	20
858;	9;	1,16;	20
859;	10;	0,84;	20
860;	11;	0,99;	20
861;	12;	0,99;	20
862;	13;	1,04;	20
863;	14;	0,99;	20
864;	15;	1;	20
865;	16;	0,87;	20
866;	17;	0,93;	20
867;	18;	0,84;	20
868;	19;	1,15;	20
869;	20;	1,03;	20
870;	21;	0,98;	20
871;	22;	1,09;	20
872;	23;	0,81;	20
873;	24;	0,86;	20
874;	25;	0,98;	20
875;	26;	1,14;	20
876;	27;	0,93;	20
877;	28;	1,12;	20
878;	29;	0,84;	20
879;	30;	1,1;	20
880;	31;	1,13;	20
881;	32;	0,8;	20
882;	33;	1,05;	20
883;	34;	1,07;	20
884;	35;	1,06;	20
885;	36;	0,96;	20
886;	37;	0,92;	20
887;	38;	0,96;	20
888;	39;	0,91;	20
889;	40;	1,03;	20
890;	41;	0,91;	20
891;	42;	1,18;	20
892;	43;	1,03;	20
893;	44;	1;	20
894;	45;	1,08;	20
895;	46;	0,81;	20
896;	47;	1,08;	20
897;	48;	0,97;	20
898;	49;	0,89;	20
899;	50;	0,89;	20
900;	51;	1,05;	20
901;	52;	0,94;	20
902;	53;	1,05;	20
903;	54;	0,81;	20
904;	55;	1,17;	20
905;	56;	0,92;	20
906;	57;	1,16;	20
907;	58;	1,04;	20
908;	59;	1,13;	20
909;	60;	1,18;	20
910;	61;	1,16;	20
911;	62;	0,92;	20
912;	63;	1,05;	20
913;	64;	0,86;	20
914;	65;	0,91;	20
915;	66;	0,99;	20
916;	67;	1,13;	20
917;	68;	1,17;	20
918;	69;	1,13;	20
919;	70;	0,83;	20
920;	71;	1,14;	20
921;	72;	1,16;	20
922;	73;	1,12;	20
923;	74;	0,91;	20
924;	75;	0,92;	20
925;	76;	0,99;	20
926;	77;	0,85;	20
927;	78;	1,01;	20
928;	79;	0,98;	20
929;	80;	0,96;	20
930;	81;	0,86;	20
931;	82;	1,15;	20
932;	83;	1,02;	20
933;	84;	1,14;	20
934;	85;	0,85;	20
935;	86;	0,98;	20
936;	87;	0,94;	20
937;	88;	1,03;	20
938;	89;	1,09;	20
939;	90;	0,93;	20
940;	91;	1;	20
941;	92;	1,08;	20
942;	93;	1,03;	20
943;	94;	0,92;	20
944;	95;	1,07;	20
945;	96;	1,19;	20
946;	97;	0,93;	20
947;	98;	0,97;	20
948;	99;	0,89;	20
949;	100;	0,88;	20
950;	101;	0,88;	20
951;	102;	1,1;	20
952;	103;	1,04;	20
953;	104;	0,86;	20
954;	105;	0,94;	20
955;	106;	1,09;	20
956;	107;	1,02;	20
957;	108;	0,93;	20
958;	109;	1,09;	20
959;	110;	0,98;	20
960;	111;	0,86;	20
961;	112;	0,95;	20
962;	113;	0,85;	20
963;	114;	0,96;	20
964;	115;	1,12;	20
965;	116;	0,81;	20
966;	117;	1,09;	20
967;	118;	1,1;	20
968;	119;	0,81;	20
969;	120;	1,12;	20
970;	121;	0,84;	20
971;	122;	0,89;	20
972;	123;	0,87;	20
973;	124;	0,99;	20
974;	125;	1,03;	20
975;	126;	0,86;	20
976;	127;	0,92;	20
977;	128;	0,99;	20
978;	129;	1,04;	20
979;	130;	0,92;	20
980;	0;	0,86;	21
981;	1;	1,08;	21
982;	2;	0,91;	21
983;	3;	0,89;	21
984;	4;	0,88;	21
985;	5;	0,95;	21
986;	6;	0,9;	21
987;	7;	0,96;	21
988;	8;	1;	21
989;	9;	0,96;	21
990;	10;	1,15;	21
991;	11;	0,8;	21
992;	12;	1,13;	21
993;	13;	0,91;	21
994;	14;	0,87;	21
995;	15;	0,84;	21
996;	16;	1,02;	21
997;	17;	0,86;	21
998;	18;	1;	21
999;	19;	1,06;	21
1000;	20;	0,89;	21
1001;	0;	1,02;	22
1002;	1;	0,96;	22
1003;	2;	0,96;	22
1004;	3;	0,84;	22
1005;	4;	1,18;	22
1006;	5;	1,02;	22
1007;	6;	0,84;	22
1008;	7;	1,02;	22
1009;	8;	0,87;	22
1010;	9;	0,96;	22
1011;	10;	0,82;	22
1012;	11;	1,09;	22
1013;	12;	0,96;	22
1014;	13;	0,91;	22
1015;	14;	0,98;	22
1016;	15;	0,83;	22
1017;	16;	1,15;	22
1018;	17;	0,88;	22
1019;	18;	0,96;	22
1020;	19;	1,1;	22
1021;	20;	0,93;	22
1022;	21;	0,89;	22
1023;	22;	1,05;	22
1024;	23;	1,16;	22
1025;	24;	0,83;	22
1026;	25;	0,96;	22
1027;	26;	1,16;	22
1028;	27;	0,92;	22
1029;	28;	0,98;	22
1030;	29;	1,03;	22
1031;	30;	0,86;	22
1032;	31;	1,19;	22
1033;	32;	1,18;	22
1034;	33;	0,82;	22
1035;	34;	1,04;	22
1036;	35;	0,91;	22
1037;	36;	1,14;	22
1038;	37;	0,85;	22
1039;	38;	0,9;	22
1040;	39;	1,12;	22
1041;	40;	0,85;	22
1042;	41;	1,13;	22
1043;	42;	0,92;	22
1044;	43;	1,19;	22
1045;	44;	1,13;	22
1046;	45;	0,91;	22
1047;	46;	0,96;	22
1048;	47;	0,8;	22
1049;	48;	1,08;	22
1050;	49;	0,8;	22
1051;	50;	1,07;	22
1052;	51;	1,17;	22
1053;	52;	0,83;	22
1054;	53;	1,15;	22
1055;	54;	1,16;	22
1056;	55;	0,92;	22
1057;	56;	1,11;	22
1058;	57;	1;	22
1059;	58;	0,8;	22
1060;	59;	1,02;	22
1061;	60;	1,06;	22
1062;	61;	1,12;	22
1063;	62;	0,83;	22
1064;	63;	1,04;	22
1065;	64;	0,9;	22
1066;	65;	0,82;	22
1067;	66;	1,1;	22
1068;	67;	0,94;	22
1069;	68;	1,07;	22
1070;	69;	0,86;	22
1071;	70;	0,89;	22
1072;	71;	1,1;	22
1073;	72;	1,18;	22
1074;	73;	1,04;	22
1075;	74;	1,04;	22
1076;	75;	0,99;	22
1077;	76;	1,17;	22
1078;	77;	1,05;	22
1079;	78;	0,83;	22
1080;	79;	1,12;	22
1081;	80;	1,19;	22
1082;	81;	1,15;	22
1083;	82;	1,04;	22
1084;	83;	0,98;	22
1085;	84;	1,16;	22
1086;	85;	0,88;	22
1087;	86;	1,16;	22
1088;	87;	0,82;	22
1089;	88;	0,85;	22
1090;	89;	0,91;	22
1091;	90;	1;	22
1092;	91;	0,94;	22
1093;	92;	0,85;	22
1094;	93;	1,08;	22
1095;	94;	0,86;	22
1096;	95;	0,93;	22
1097;	96;	1,1;	22
1098;	97;	1,08;	22
1099;	98;	1,09;	22
1100;	99;	1,1;	22
1101;	100;	1;	22
1102;	101;	0,82;	22
1103;	102;	0,93;	22
1104;	103;	1,01;	22
1105;	104;	1,11;	22
1106;	105;	1,16;	22
1107;	106;	1,19;	22
1108;	107;	0,99;	22
1109;	108;	0,91;	22
1110;	109;	0,97;	22
1111;	110;	0,95;	22
1112;	111;	0,85;	22
1113;	112;	0,96;	22
1114;	113;	0,87;	22
1115;	114;	1,03;	22
1116;	115;	1,1;	22
1117;	116;	0,88;	22
1118;	117;	1,05;	22
1119;	118;	1,07;	22
1120;	119;	0,81;	22
1121;	0;	0,86;	23
1122;	1;	1,08;	23
1123;	2;	0,88;	23
1124;	3;	0,96;	23
1125;	4;	1,06;	23
1126;	5;	1,14;	23
1127;	6;	1,05;	23
1128;	7;	0,9;	23
1129;	8;	0,97;	23
1130;	9;	0,9;	23
1131;	10;	1,09;	23
1132;	11;	0,89;	23
1133;	12;	1,15;	23
1134;	13;	0,92;	23
1135;	14;	0,91;	23
1136;	0;	1,16;	24
1137;	1;	1,02;	24
1138;	2;	0,82;	24
1139;	3;	1,06;	24
1140;	4;	1,19;	24
1141;	5;	0,88;	24
1142;	6;	0,96;	24
1143;	7;	1,11;	24
1144;	8;	1,08;	24
1145;	9;	1,15;	24
1146;	10;	0,94;	24
1147;	11;	1,17;	24
1148;	12;	1,17;	24
1149;	13;	0,84;	24
1150;	0;	0,95;	25
1151;	1;	0,85;	25
1152;	2;	0,84;	25
1153;	3;	0,8;	25
1154;	4;	1,07;	25
1155;	5;	1,04;	25
1156;	6;	1,12;	25
1157;	7;	1,14;	25
1158;	8;	1,17;	25
1159;	9;	1,15;	25
1160;	10;	1,16;	25
1161;	11;	0,91;	25
1162;	12;	1,09;	25
1163;	13;	0,81;	25
1164;	14;	0,8;	25
1165;	15;	1,08;	25
1166;	16;	0,86;	25
1167;	17;	0,89;	25
1168;	18;	0,84;	25
1169;	19;	1,16;	25
1170;	20;	1,07;	25
1171;	21;	0,87;	25
1172;	22;	0,85;	25
1173;	23;	1,18;	25
1174;	24;	1,08;	25
1175;	25;	1,12;	25
1176;	26;	1,1;	25
1177;	27;	1,16;	25
1178;	28;	1;	25
1179;	29;	1;	25
1180;	30;	0,91;	25
1181;	31;	1,16;	25
1182;	32;	1,07;	25
1183;	33;	0,85;	25
1184;	34;	0,82;	25
1185;	35;	0,85;	25
1186;	36;	1,04;	25
1187;	37;	0,88;	25
1188;	38;	0,87;	25
1189;	39;	1,08;	25
1190;	40;	0,99;	25
1191;	41;	0,81;	25
1192;	42;	1,05;	25
1193;	43;	0,87;	25
1194;	44;	1,1;	25
1195;	45;	1,08;	25
1196;	46;	0,99;	25
1197;	47;	0,95;	25
1198;	48;	1,1;	25
1199;	49;	1,19;	25
1200;	50;	1,08;	25
1201;	51;	0,85;	25
1202;	52;	1,13;	25
1203;	53;	0,81;	25
1204;	54;	0,97;	25
1205;	55;	0,87;	25
1206;	56;	0,8;	25
1207;	57;	0,85;	25
1208;	58;	0,92;	25
1209;	59;	1,15;	25
1210;	60;	1,14;	25
1211;	61;	1,15;	25
1212;	62;	0,94;	25
1213;	63;	0,96;	25
1214;	64;	1,03;	25
1215;	65;	1,19;	25
1216;	66;	1,04;	25
1217;	67;	1,04;	25
1218;	68;	1,18;	25
1219;	69;	1,15;	25
1220;	70;	0,83;	25
1221;	71;	1,18;	25
1222;	72;	0,81;	25
1223;	73;	0,96;	25
1224;	74;	0,96;	25
1225;	75;	1,05;	25
1226;	76;	1,02;	25
1227;	77;	1,17;	25
1228;	78;	0,88;	25
1229;	79;	1,19;	25
1230;	80;	0,93;	25
1231;	81;	0,94;	25
1232;	82;	0,86;	25
1233;	83;	1;	25
1234;	84;	1,12;	25
1235;	85;	0,86;	25
1236;	86;	0,83;	25
1237;	87;	1,05;	25
1238;	88;	1,07;	25
1239;	89;	1,14;	25
1240;	90;	0,84;	25
1241;	91;	0,98;	25
1242;	92;	1,16;	25
1243;	93;	0,92;	25
1244;	94;	1,13;	25
1245;	95;	1,03;	25
1246;	96;	1,07;	25
1247;	97;	0,89;	25
1248;	98;	1,03;	25
1249;	99;	1,1;	25
1250;	100;	0,83;	25
1251;	101;	1,15;	25
1252;	102;	0,96;	25
1253;	103;	1,15;	25
1254;	0;	1,15;	26
1255;	1;	1,1;	26
1256;	2;	0,83;	26
1257;	3;	0,96;	26
1258;	4;	1,04;	26
1259;	5;	1,12;	26
1260;	6;	1,05;	26
1261;	7;	0,83;	26
1262;	8;	1,17;	26
1263;	9;	0,92;	26
1264;	10;	1,01;	26
1265;	11;	0,99;	26
1266;	12;	1,09;	26
1267;	0;	1,13;	27
1268;	1;	1,03;	27
1269;	2;	0,97;	27
1270;	3;	1,16;	27
1271;	4;	1,18;	27
1272;	5;	1,16;	27
1273;	6;	0,84;	27
1274;	7;	1,1;	27
1275;	8;	1,05;	27
1276;	9;	0,81;	27
1277;	10;	1,08;	27
1278;	0;	1,02;	28
1279;	1;	1,13;	28
1280;	2;	1,18;	28
1281;	3;	0,92;	28
1282;	4;	0,93;	28
1283;	5;	0,98;	28
1284;	6;	1,16;	28
1285;	7;	0,98;	28
1286;	8;	1,18;	28
1287;	9;	0,91;	28
1288;	10;	1,04;	28
1289;	11;	0,81;	28
1290;	12;	0,82;	28
1291;	13;	1,07;	28
1292;	14;	0,81;	28
1293;	15;	1,14;	28
1294;	16;	0,88;	28
1295;	17;	0,81;	28
1296;	18;	1,01;	28
1297;	19;	1,03;	28
1298;	20;	1,11;	28
1299;	21;	0,94;	28
1300;	22;	1,14;	28
1301;	0;	1,13;	29
1302;	1;	1,05;	29
1303;	2;	0,85;	29
1304;	3;	1,13;	29
1305;	4;	0,85;	29
1306;	5;	1,18;	29
1307;	6;	0,91;	29
1308;	7;	0,84;	29
1309;	8;	0,9;	29
1310;	9;	1,08;	29
1311;	10;	0,94;	29
1312;	11;	1,13;	29
1313;	0;	1,11;	30
1314;	1;	1,14;	30
1315;	2;	0,93;	30
1316;	3;	1,09;	30
1317;	4;	0,98;	30
1318;	5;	0,96;	30
1319;	6;	0,83;	30
1320;	7;	1,01;	30
1321;	8;	0,98;	30
1322;	9;	0,88;	30
1323;	10;	1,02;	30
1324;	11;	0,94;	30
1325;	0;	0,89;	31
1326;	1;	1,16;	31
1327;	2;	0,82;	31
1328;	3;	1,15;	31
1329;	4;	1,08;	31
1330;	5;	0,83;	31
1331;	6;	0,97;	31
1332;	7;	1,17;	31
1333;	8;	0,88;	31
1334;	9;	1,18;	31
1335;	10;	0,84;	31
1336;	0;	1,06;	32
1337;	1;	0,87;	32
1338;	2;	1,04;	32
1339;	3;	1,1;	32
1340;	4;	1;	32
1341;	5;	1,06;	32
1342;	6;	0,86;	32
1343;	7;	0,94;	32
1344;	8;	0,93;	32
1345;	9;	1,08;	32
1346;	10;	1,13;	32
1347;	11;	0,9;	32
1348;	12;	0,8;	32
1349;	13;	1,15;	32
1350;	14;	0,92;	32
1351;	15;	0,83;	32
1352;	16;	0,87;	32
1353;	17;	1,08;	32
1354;	18;	1,13;	32
1355;	19;	0,96;	32
1356;	20;	1,04;	32
1357;	21;	0,83;	32
1358;	22;	1,1;	32
1359;	23;	1,04;	32
1360;	24;	0,88;	32
1361;	25;	1,16;	32
1362;	26;	0,96;	32
1363;	27;	0,95;	32
1364;	28;	0,87;	32
1365;	29;	0,9;	32
1366;	30;	0,96;	32
1367;	31;	1,05;	32
1368;	32;	1,12;	32
1369;	33;	1,09;	32
1370;	34;	1,06;	32
1371;	35;	1,01;	32
1372;	36;	1,14;	32
1373;	37;	1,05;	32
1374;	38;	1,02;	32
1375;	39;	1,14;	32
1376;	40;	0,91;	32
1377;	41;	1,14;	32
1378;	42;	0,88;	32
1379;	43;	1,06;	32
1380;	44;	0,95;	32
1381;	45;	1,06;	32
1382;	46;	0,81;	32
1383;	47;	0,8;	32
1384;	48;	0,96;	32
1385;	49;	0,8;	32
1386;	50;	0,9;	32
1387;	51;	0,89;	32
1388;	52;	0,95;	32
1389;	53;	1,02;	32
1390;	54;	1;	32
1391;	55;	1,02;	32
1392;	56;	0,96;	32
1393;	57;	1,19;	32
1394;	58;	1,01;	32
1395;	59;	1,03;	32
1396;	60;	0,89;	32
1397;	61;	1,1;	32
1398;	62;	0,87;	32
1399;	63;	0,82;	32
1400;	64;	0,91;	32
1401;	65;	0,87;	32
1402;	66;	0,97;	32
1403;	67;	0,9;	32
1404;	68;	0,88;	32
1405;	69;	1,1;	32
1406;	70;	0,88;	32
1407;	71;	1,02;	32
1408;	72;	0,85;	32
1409;	73;	1,18;	32
1410;	74;	0,84;	32
1411;	75;	1,1;	32
1412;	76;	1,14;	32
1413;	77;	0,84;	32
1414;	78;	0,88;	32
1415;	79;	1,01;	32
1416;	80;	1,14;	32
1417;	81;	0,96;	32
1418;	82;	1,19;	32
1419;	83;	0,86;	32
1420;	84;	0,8;	32
1421;	85;	0,87;	32
1422;	86;	0,9;	32
1423;	87;	0,89;	32
1424;	88;	0,89;	32
1425;	89;	0,84;	32
1426;	90;	0,84;	32
1427;	91;	1,14;	32
1428;	92;	0,83;	32
1429;	93;	1,18;	32
1430;	94;	1,04;	32
1431;	95;	1;	32
1432;	96;	1,06;	32
1433;	97;	0,86;	32
1434;	98;	0,94;	32
1435;	99;	0,88;	32
1436;	100;	0,88;	32
1437;	101;	1,1;	32
1438;	102;	1,11;	32
1439;	103;	1,05;	32
1440;	104;	1,11;	32
1441;	105;	1,07;	32
1442;	106;	0,83;	32
1443;	107;	0,97;	32
1444;	108;	0,97;	32
1445;	109;	1,09;	32
1446;	110;	1,07;	32
1447;	111;	0,92;	32
1448;	112;	1,1;	32
1449;	113;	1,19;	32
1450;	114;	1,09;	32
1451;	115;	1,13;	32
1452;	116;	1,11;	32
1453;	117;	0,8;	32
1454;	118;	0,81;	32
1455;	119;	0,84;	32
1456;	120;	1,17;	32
1457;	121;	0,88;	32
1458;	122;	0,8;	32
1459;	123;	0,84;	32
1460;	124;	1,05;	32
1461;	125;	0,94;	32
1462;	126;	0,98;	32
1463;	127;	0,86;	32
1464;	128;	0,93;	32
1465;	129;	1,04;	32
1466;	130;	0,83;	32
1467;	131;	1,08;	32
1468;	132;	1,09;	32
1469;	133;	0,8;	32
1470;	134;	0,93;	32
1471;	135;	0,83;	32
1472;	136;	1,04;	32
1473;	137;	0,93;	32
1474;	138;	0,95;	32
1475;	139;	0,92;	32
1476;	0;	0,83;	33
1477;	1;	1,13;	33
1478;	2;	1,11;	33
1479;	3;	1;	33
1480;	4;	0,96;	33
1481;	5;	1,12;	33
1482;	6;	0,83;	33
1483;	7;	0,83;	33
1484;	8;	0,89;	33
1485;	9;	1,11;	33
1486;	10;	1,08;	33
1487;	11;	1,05;	33
1488;	12;	0,85;	33
1489;	13;	0,9;	33
1490;	14;	0,9;	33
1491;	15;	0,8;	33
1492;	16;	1,1;	33
1493;	17;	1,07;	33
1494;	18;	1,19;	33
1495;	19;	0,97;	33
1496;	20;	0,89;	33
1497;	21;	1,16;	33
1498;	22;	0,83;	33
1499;	23;	1,13;	33
1500;	24;	1,06;	33
1501;	0;	1,19;	34
1502;	1;	1,02;	34
1503;	2;	1,1;	34
1504;	3;	1,06;	34
1505;	4;	1,05;	34
1506;	5;	0,89;	34
1507;	6;	0,98;	34
1508;	7;	1,05;	34
1509;	8;	1,08;	34
1510;	9;	0,8;	34
1511;	10;	0,84;	34
1512;	0;	0,96;	35
1513;	1;	1;	35
1514;	2;	1,07;	35
1515;	3;	1,13;	35
1516;	4;	0,9;	35
1517;	5;	0,94;	35
1518;	6;	1,17;	35
1519;	7;	1,02;	35
1520;	8;	1,15;	35
1521;	9;	0,97;	35
1522;	10;	1,02;	35
1523;	11;	0,99;	35
1524;	12;	1,09;	35
1525;	13;	0,92;	35
1526;	14;	0,93;	35
1527;	15;	1,16;	35
1528;	16;	0,93;	35
1529;	17;	1,17;	35
1530;	18;	0,83;	35
1531;	19;	0,86;	35
1532;	20;	1,09;	35
1533;	21;	1,17;	35
1534;	0;	1,13;	36
1535;	1;	0,96;	36
1536;	2;	0,9;	36
1537;	3;	0,93;	36
1538;	4;	0,97;	36
1539;	5;	1,03;	36
1540;	6;	1,01;	36
1541;	7;	0,9;	36
1542;	8;	0,8;	36
1543;	9;	0,96;	36
1544;	10;	0,89;	36
1545;	11;	0,86;	36
1546;	12;	1,04;	36
1547;	13;	0,89;	36
1548;	14;	1,19;	36
1549;	15;	0,86;	36
1550;	16;	0,87;	36
1551;	17;	1,15;	36
1552;	18;	1,19;	36
1553;	19;	1,01;	36
1554;	20;	1,18;	36
1555;	21;	0,88;	36
1556;	22;	0,96;	36
1557;	23;	0,82;	36
1558;	24;	0,8;	36
1559;	25;	0,94;	36
1560;	26;	0,92;	36
1561;	27;	0,93;	36
1562;	28;	0,85;	36
1563;	29;	1,08;	36
1564;	30;	1,05;	36
1565;	31;	1,13;	36
1566;	32;	0,95;	36
1567;	33;	0,98;	36
1568;	34;	1,07;	36
1569;	35;	0,91;	36
1570;	36;	1,03;	36
1571;	37;	1,16;	36
1572;	38;	1,17;	36
1573;	39;	0,93;	36
1574;	40;	0,8;	36
1575;	41;	1,05;	36
1576;	42;	0,97;	36
1577;	43;	0,86;	36
1578;	44;	0,89;	36
1579;	45;	1,03;	36
1580;	46;	1,07;	36
1581;	47;	0,84;	36
1582;	48;	1,16;	36
1583;	49;	0,86;	36
1584;	50;	1,1;	36
1585;	51;	0,87;	36
1586;	52;	0,87;	36
1587;	53;	0,87;	36
1588;	54;	1,19;	36
1589;	55;	1,05;	36
1590;	56;	0,8;	36
1591;	57;	0,87;	36
1592;	58;	0,93;	36
1593;	59;	0,82;	36
1594;	60;	0,91;	36
1595;	61;	0,88;	36
1596;	62;	0,85;	36
1597;	63;	0,92;	36
1598;	64;	1,11;	36
1599;	65;	0,96;	36
1600;	66;	1,1;	36
1601;	67;	0,85;	36
1602;	68;	1,02;	36
1603;	69;	1,08;	36
1604;	70;	1,03;	36
1605;	71;	0,9;	36
1606;	72;	1,18;	36
1607;	73;	1,06;	36
1608;	74;	1;	36
1609;	75;	0,93;	36
1610;	76;	1,11;	36
1611;	77;	0,9;	36
1612;	78;	1,13;	36
1613;	79;	0,96;	36
1614;	80;	1,06;	36
1615;	81;	0,87;	36
1616;	82;	0,96;	36
1617;	83;	1,18;	36
1618;	84;	1,17;	36
1619;	85;	0,97;	36
1620;	86;	1,06;	36
1621;	87;	0,88;	36
1622;	88;	0,99;	36
1623;	89;	0,81;	36
1624;	90;	0,91;	36
1625;	91;	0,95;	36
1626;	92;	1,03;	36
1627;	93;	1,14;	36
1628;	94;	0,81;	36
1629;	95;	1,12;	36
1630;	96;	1;	36
1631;	97;	0,85;	36
1632;	98;	0,94;	36
1633;	99;	1,13;	36
1634;	100;	1,12;	36
1635;	101;	1,02;	36
1636;	0;	1,01;	37
1637;	1;	0,88;	37
1638;	2;	1,03;	37
1639;	3;	1;	37
1640;	4;	0,89;	37
1641;	5;	1;	37
1642;	6;	1,06;	37
1643;	7;	1,05;	37
1644;	8;	1,13;	37
1645;	9;	1,09;	37
1646;	10;	0,94;	37
1647;	11;	1,16;	37
1648;	12;	0,95;	37
1649;	13;	0,84;	37
1650;	14;	1,11;	37
1651;	0;	0,86;	38
1652;	1;	0,94;	38
1653;	2;	0,93;	38
1654;	3;	1,09;	38
1655;	4;	1,02;	38
1656;	5;	1,06;	38
1657;	6;	1;	38
1658;	7;	0,97;	38
1659;	8;	0,87;	38
1660;	9;	1,07;	38
1661;	10;	0,83;	38
1662;	11;	1,05;	38
1663;	12;	1,08;	38
1664;	13;	1,13;	38
1665;	14;	1,06;	38
1666;	15;	1,15;	38
1667;	16;	1,19;	38
1668;	17;	1,04;	38
1669;	18;	0,84;	38
1670;	19;	1,05;	38
1671;	20;	0,87;	38
1672;	21;	0,94;	38
1673;	22;	0,97;	38
1674;	23;	0,87;	38
1675;	24;	0,86;	38
1676;	25;	1,01;	38
1677;	26;	1,13;	38
1678;	27;	0,88;	38
1679;	28;	1,01;	38
1680;	29;	0,81;	38
1681;	30;	1,06;	38
1682;	31;	0,98;	38
1683;	32;	1,16;	38
1684;	33;	0,8;	38
1685;	34;	0,93;	38
1686;	35;	1,1;	38
1687;	36;	0,8;	38
1688;	37;	0,84;	38
1689;	38;	0,89;	38
1690;	39;	1,15;	38
1691;	40;	0,81;	38
1692;	41;	1,11;	38
1693;	42;	0,95;	38
1694;	43;	1,13;	38
1695;	44;	0,85;	38
1696;	45;	1,14;	38
1697;	46;	1,18;	38
1698;	47;	1,12;	38
1699;	48;	0,87;	38
1700;	49;	1,13;	38
1701;	50;	0,94;	38
1702;	51;	0,92;	38
1703;	52;	0,91;	38
1704;	53;	0,98;	38
1705;	54;	1,04;	38
1706;	55;	1,12;	38
1707;	56;	1,17;	38
1708;	57;	0,85;	38
1709;	58;	1,03;	38
1710;	59;	0,8;	38
1711;	60;	1,12;	38
1712;	61;	0,91;	38
1713;	62;	1,15;	38
1714;	63;	0,86;	38
1715;	64;	0,8;	38
1716;	65;	1,04;	38
1717;	66;	1,08;	38
1718;	67;	1,07;	38
1719;	68;	1;	38
1720;	69;	1,15;	38
1721;	70;	1,14;	38
1722;	71;	1,15;	38
1723;	72;	0,94;	38
1724;	73;	0,88;	38
1725;	74;	1,04;	38
1726;	75;	0,96;	38
1727;	76;	1,18;	38
1728;	77;	1,04;	38
1729;	78;	0,82;	38
1730;	79;	0,91;	38
1731;	80;	1,03;	38
1732;	81;	0,81;	38
1733;	82;	0,81;	38
1734;	83;	1,07;	38
1735;	84;	1,06;	38
1736;	85;	0,94;	38
1737;	86;	0,87;	38
1738;	87;	0,98;	38
1739;	88;	0,96;	38
1740;	89;	1;	38
1741;	90;	1,13;	38
1742;	91;	1,14;	38
1743;	92;	1;	38
1744;	93;	0,88;	38
1745;	94;	0,82;	38
1746;	95;	1,09;	38
1747;	96;	1,15;	38
1748;	97;	0,89;	38
1749;	98;	1,12;	38
1750;	99;	1,01;	38
1751;	100;	0,86;	38
1752;	101;	0,9;	38
1753;	102;	0,92;	38
1754;	103;	0,91;	38
1755;	104;	1,18;	38
1756;	105;	0,99;	38
1757;	106;	1,17;	38
1758;	107;	0,82;	38
1759;	108;	1,14;	38
1760;	109;	0,88;	38
1761;	110;	1,13;	38
1762;	111;	0,93;	38
1763;	112;	0,83;	38
1764;	113;	0,91;	38
1765;	114;	0,97;	38
1766;	115;	1,11;	38
1767;	116;	0,9;	38
1768;	117;	0,87;	38
1769;	118;	0,99;	38
1770;	119;	1,05;	38
1771;	0;	0,96;	39
1772;	1;	0,9;	39
1773;	2;	0,9;	39
1774;	3;	1,19;	39
1775;	4;	0,82;	39
1776;	5;	0,8;	39
1777;	6;	0,94;	39
1778;	7;	0,85;	39
1779;	8;	0,86;	39
1780;	9;	1,14;	39
1781;	10;	1;	39
1782;	11;	1,09;	39
1783;	12;	1,11;	39
1784;	13;	1;	39
1785;	14;	0,85;	39
1786;	15;	0,92;	39
1787;	16;	1,08;	39
1788;	17;	1,09;	39
1789;	18;	1,08;	39
1790;	19;	0,86;	39
1791;	20;	0,97;	39
1792;	21;	0,85;	39
1793;	22;	1,03;	39
1794;	23;	0,88;	39
